LOV,BHI,BBO,VCS,VKO,LOV,1658.6244275911931
YOD,ZML,CGO,EMD,SMR,YOD,11646.063452669732
AUY,BPX,ABT,YVB,VOK,AUY,11957.728654823792
JOK,TMP,YUL,STE,KPC,JOK,12019.179697584092
VCV,COR,LPG,CZW,YKX,VCV,12144.7543553599
LIF,PIO,DKR,UUU,VEL,LIF,12520.545536586918
MEY,VNA,LYI,ZML,ARE,MEY,12709.832521654085
SHM,BEZ,PZI,QSF,AUW,SHM,12872.888564859371
UYN,KPB,YGV,POL,NLA,UYN,12932.187251931904
VOH,TTU,RHO,3W2,OAJ,VOH,12953.31910260321
MJM,FJR,FMO,HVR,DSO,MJM,13386.451042997234
BMY,GLK,ASB,BRR,GAI,BMY,13561.47976558953
ANN,SHR,GNY,TJS,YNZ,ANN,13856.530834432175
AGF,SKB,EFD,YCR,LBZ,AGF,14072.089159583404
GHB,ZNZ,HEN,YSJ,UGN,GHB,15589.457965346763
MLG,XTG,REY,GEU,BJV,MLG,15663.677425749396
BRW,GUL,SYO,HOV,PPW,BRW,15959.612624237816
SWQ,KTR,MXY,NXX,MJD,SWQ,16726.603971131444
SHM,HAK,HER,CWL,YCB,SHM,16745.628983514547
DKI,GNA,BJF,YHU,ALI,DKI,17001.83439289815
BRS,KDI,VLS,KGE,YNM,BRS,17042.0765530426
FAV,SNY,ZAR,SAW,KEK,FAV,17268.85427969402
NTL,ZAH,YPY,YWH,JHM,NTL,18500.412006715094
QSF,SNN,HHH,EMD,PJA,QSF,20418.526762966
HAK,NFO,YRA,YMG,CSF,HAK,20990.428033707947
KIR,DLE,CMR,NON,MTN,KIR,28263.037555940413
HDB,LDN,PZI,JZH,SKX,HDB,3028.031485558596
LML,SBA,CID,O03,ZMU,LML,30461.183915404756
KUC,HPB,MHK,FDH,PYR,KUC,31788.29539307794
IOM,BRO,WSZ,QFZ,XWW,IOM,38957.469097906
AKR,KYA,SCV,XDB,LPY,AKR,4199.988438413581
ADF,KYD,WDH,SFD,TED,ADF,4895.898180800685
SGD,BMK,SUG,TSU,XIL,SGD,6672.685341878263
SEM,VST,PGU,OBX,CVM,SEM,6864.344664888456
SMO,RTW,MXX,YPQ,CDS,SMO,8468.319676202329
LSY,AHE,BYO,BLR,LXG,LSY,8732.00701083806
DVO,PFQ,LEQ,PBM,MUB,DVO,9090.750607159693
TTR,KSA,NCS,BEL,RKE,TTR,9434.175839718424
CEF,OKN,ZRJ,PSC,MLS,CEF,13740.151929678166
MPY,GSQ,EVE,ZPB,CXL,MPY,15591.737981991446
BQT,OSH,LES,ZAT,PTG,BQT,16236.365733793888
YPM,PNB,MSU,MVV,FOA,YPM,17974.94054123407
BCO,AMM,COF,QSA,NGX,BCO,21635.811909981032
MGQ,ZAG,KSK,LRV,JDO,MGQ,3265.608812153233
ENH,LSZ,FNC,YHN,GWD,ENH,9145.411537474823
AQJ,RRS,YQG,MYJ,TEQ,AQJ,10166.4498838048
2B2,ROA,MMH,ZAL,CIJ,2B2,10315.617172564449
BUU,SST,DUE,IAS,HUL,BUU,10490.782236840781
TYE,NYT,JIB,VDS,CWI,TYE,11414.80918985901
STK,OTU,BIX,PAH,KXK,STK,11583.920320998044
UVF,GLQ,YJS,RAZ,BCW,UVF,13673.878776650074
UTC,HMN,WFB,ZAJ,THF,UTC,16341.467955785205
CPX,RIC,PUB,CGN,SLA,CPX,18388.55782010035
QPP,KTG,CYF,BSC,YGW,QPP,19031.17572201499
YLD,MVT,PUK,PGA,MHG,YLD,19872.427241620288
UIN,RGS,UBP,ILI,RAP,UIN,20588.10952881012
MQT,BDR,HOM,GNI,WJA,MQT,21779.048721281
BIL,AJU,NCS,LRH,LUR,BIL,22783.190406951948
AXJ,ESH,SDE,BMG,JAC,AXJ,23995.977330719445
DSN,ULX,WVB,ZAH,SLD,DSN,6137.906632840966
MME,RMG,VVO,MUX,PKV,MME,9147.7057787419
AWZ,KSH,PHO,KKH,YQL,AWZ,11196.002325354839
DZN,YXY,POC,CUR,UKA,DZN,11911.930159413088
CZG,CEK,CZN,MLD,ERI,CZG,12205.741233598244
AAE,LWN,VEE,JOT,NEC,AAE,12953.59616933887
YBZ,FDF,KHW,ULV,SPZ,YBZ,16258.164031498633
YXC,BBM,QUA,YYZ,LBL,YXC,16804.042562971903
MCM,MYG,TLH,TTJ,GSS,MCM,17689.462263844136
KCT,CTL,HVG,KPC,HGR,KCT,17780.021527955858
BMW,GYL,PNP,UIT,HHI,BMW,17925.244502473823
HVN,CBT,JRH,BDB,JON,HVN,21127.75805324441
ZRP,GIC,MJK,MUW,KEL,ZRP,21654.72453936761
FDW,WKJ,HID,VTS,IWD,FDW,25390.59279701107
ZBP,ASH,MQT,PJM,NGU,ZBP,5125.880809671019
SOB,ENF,IQQ,UVA,TRK,SOB,8539.347107022253
JYL,MKU,LKG,TTR,EYK,JYL,8660.894224376221
CIY,MAR,BKD,ZUN,MCX,CIY,8819.743817934163
PKB,MCG,PBV,PLD,BHM,PKB,9371.105872044816
LSA,DRK,DLH,KYS,RKE,LSA,9825.400298725512
IGB,BMW,SEY,YPE,HYS,IGB,10415.823825145948
YHY,IXZ,HUI,KLL,ZSJ,YHY,12519.17867760339
SZX,PRY,OLC,EAT,CLS,SZX,12880.038747232044
HHN,CFR,ADM,ELY,KLC,HHN,13915.273511010128
AOT,BHB,KHW,NAW,HRE,AOT,14278.299917691074
MZP,KWM,BBO,BJZ,VDR,MZP,17046.69259609999
AJL,ADX,0G7,HKD,GAN,AJL,17088.51746518198
LHC,FKB,NBS,YAZ,SCL,LHC,17476.648540285205
ANR,OSN,PBD,SAY,JPR,ANR,18095.983104039267
BOH,SFS,WEL,CWB,WAL,BOH,18533.52332028536
MKO,LKK,JYV,CER,KIF,MKO,19556.502041762757
HTL,HLG,AUF,ASD,E63,HTL,19953.890992235523
PDV,PKN,ISB,SGD,RCS,PDV,2884.786866292718
IWS,BRN,CBO,BLT,KVL,IWS,27513.1900606055
RMS,AMM,ABE,BLD,LTX,RMS,31206.744891440765
TRC,TPL,CEF,TLU,RES,TRC,4153.486598856321
GKE,BHD,QOT,IXL,CMR,GKE,7607.273607235787
MGQ,DIW,JRO,OLC,YSY,MGQ,10384.620322296108
COI,BMX,LED,ONQ,KYS,COI,13855.558412132174
GAJ,COH,BIQ,DAW,ECG,GAJ,14278.324710559578
AXJ,YOC,GGT,ACC,SDV,AXJ,14543.570680541143
AGS,MHV,YXZ,QRW,PSE,AGS,15185.524841913864
CSO,MLC,OSN,WMP,UTN,CSO,16873.252770324514
BXH,ZSN,HHN,PLL,K03,BXH,17600.91243115629
GPT,XCD,YNS,CMX,REI,GPT,18174.721571558053
WSJ,GTN,MTY,PID,1G4,WSJ,18229.20081981211
JMK,CFB,AAO,CKV,ELY,JMK,19970.920511649132
WTE,19A,DAW,QQW,MNL,WTE,24344.872610115115
SCW,PAS,CSK,BSX,BZL,SCW,3375.391079381055
NGZ,KAT,CVO,NQT,BZZ,NGZ,36979.125488560065
XGB,LOK,GDA,ADF,KUT,XGB,4807.749813980456
WHF,KON,SVX,AAH,IBE,WHF,5485.1488681545225
GME,STR,UAK,C89,CWI,GME,5574.930234293818
FIE,AXD,PUU,MQH,SOO,FIE,6407.34235684658
HUX,JOK,ODB,DYU,NAQ,HUX,6958.199715324228
GSP,FUT,UIK,PZB,CEE,GSP,9087.89771583889
QPZ,BBM,TED,TSS,OMO,QPZ,11162.021206994501
ESH,KOI,GER,IAG,QXB,ESH,11664.781807348356
MTM,TIA,FWM,C02,VCV,MTM,13944.44859771782
GUS,38W,TML,GHB,NIP,GUS,15452.05853221684
GZO,KKC,QNC,YPO,VOK,GZO,16016.20017855474
NCA,SJU,BMX,PTU,KZB,NCA,16412.3497225063
BBN,DEZ,LMO,MEM,RKS,BBN,17096.438026803266
COU,RNL,LIK,MZR,SOY,COU,17837.134862340794
PEU,RSI,ERN,QPZ,BTT,PEU,18512.755361598596
MKK,AEP,LBE,BYN,ATP,MKK,18731.829595703053
FEL,RMP,LNV,MZT,YOO,FEL,19932.737067496597
YHF,NY9,DLF,DLC,MHZ,YHF,21201.7634402901
REC,YCB,KOZ,MTL,GUW,REC,21275.675618327394
YRG,SJI,CUA,HTL,YIF,YRG,5928.897662593569
GDN,KNO,YCS,PAN,TIY,GDN,6506.889338367631
CWC,CMF,BOO,CDR,LWN,CWC,8279.483165731055
TNJ,QPJ,GLQ,MQT,YSF,TNJ,9352.75000520747
NUW,FGI,ABA,URS,PYJ,NUW,9939.82566803223
OKO,LHW,ALY,PSH,PPC,OKO,10554.10075929521
L52,FAF,CSK,FLR,PWE,L52,13521.209111333337
QQW,YPL,NXP,N69,CVF,QQW,17966.849303270497
PYM,OXC,SCE,HDO,NAQ,PYM,7269.390911513776
VAK,BIL,LPD,OZC,WUX,VAK,10394.879857527849
LSY,LIO,BEH,JHS,LNV,LSY,10607.455355148433
TCE,GEN,STL,NZJ,HNA,TCE,11158.564271990537
MGT,ORN,LKP,DXR,BHO,MGT,11803.236334450146
PFR,CJL,XBK,FZI,ZPC,PFR,12040.194561003977
AVO,XQU,MUK,NKG,SMR,AVO,12624.133550255112
BLE,SNV,SPZ,SXR,HGU,BLE,12641.690772389782
OQU,SGJ,RJA,OUL,COL,OQU,15720.530179329402
OCJ,NCY,FTU,AEP,NPL,OCJ,16321.18599922166
FOC,MVQ,ASI,VEY,TCS,FOC,19417.555246964675
RTG,BSX,HCN,RTB,FYV,RTG,2944.371805671485
LER,MZK,AGN,ZFV,SLH,LER,20158.95968040312
LIT,RWN,JAD,QCJ,BTR,LIT,21155.14566532235
NNB,LWY,ZQF,LNK,MLU,NNB,21867.041186920484
MRB,HKK,SDV,BOU,ZTB,MRB,22127.334817101524
MLB,TMP,MSH,XBG,OMN,MLB,31440.668637885246
PAP,DZA,PDB,MYR,MIA,PAP,34780.118293595166
SNU,FZG,QYD,DUM,LKH,SNU,4022.759338011816
KND,KFS,LTO,SBM,LLW,KND,5300.0285328271875
TIJ,XEG,HAE,LYG,WWK,TIJ,5438.877390410822
CUN,STB,CBO,DKS,GVA,CUN,5718.258085422654
ZXB,BUU,HRT,MMB,GOB,ZXB,7734.710994721188
ZFA,ZIH,URG,PUZ,INT,ZFA,8411.156239483775
THS,BWO,MWH,SMT,IQN,THS,9213.920214947373
SDN,PSI,BLT,RUA,BAL,SDN,9669.750790051414
MTS,SUV,KLW,HID,PMK,MTS,Not feasible
EWK,PNY,YYZ,SZS,SVL,EWK,Not feasible
ZKG,PEK,TXK,KRL,OAR,ZKG,Not feasible
LPU,CYW,E25,OOM,AWZ,LPU,Not feasible
YZF,HHA,YGL,GSQ,SHC,YZF,Not feasible
NSI,ZYR,MRK,MCW,ALO,NSI,Not feasible
EEK,UTT,ZVE,OHD,ALH,EEK,Not feasible
YEG,SYH,YXN,HUW,IAN,YEG,Not feasible
LDI,LIG,TCA,HCQ,BZB,LDI,Not feasible
TXG,PGU,SST,LUO,YIV,TXG,Not feasible
PIN,PMO,APN,HDO,WOL,PIN,Not feasible
TUI,AXU,YCM,SAV,25D,TUI,Not feasible
TLE,IDR,NZC,BIQ,JSI,TLE,Not feasible
YOL,BPS,NML,GTA,KUS,YOL,Not feasible
BBS,SRN,LPD,YBC,SLA,BBS,Not feasible
RFP,YFO,KEN,BLD,HYA,RFP,Not feasible
QUA,LEA,SVU,FME,GRU,QUA,Not feasible
KUG,AWA,ACT,NHT,MAQ,KUG,Not feasible
CXP,SMQ,EAE,MKS,TMU,CXP,Not feasible
LAY,HTS,HKT,ANI,YVC,LAY,Not feasible
NIC,HKK,POI,PQS,MCZ,NIC,Not feasible
OSS,CDU,KSC,LGQ,SZF,OSS,Not feasible
ZJN,VAR,ZRA,HLA,YHM,ZJN,Not feasible
MVZ,ELV,YGL,KAX,XMU,MVZ,Not feasible
EUX,AKS,RZR,ZYL,ZHY,EUX,Not feasible
RBD,WUN,YHK,YZZ,COR,RBD,Not feasible
IBE,UCT,LGL,IQQ,PMG,IBE,Not feasible
ROW,CBT,LED,BAB,SRN,ROW,Not feasible
AEB,POM,JAB,IOR,K83,AEB,Not feasible
OLC,PAM,TVU,PUM,GYE,OLC,Not feasible
BHS,KTT,CDR,IJD,PAF,BHS,Not feasible
YMX,KWG,STJ,NLF,SDZ,YMX,Not feasible
PMV,FUG,AGX,MFM,MJK,PMV,Not feasible
CLS,RGN,ATD,YKN,TCH,CLS,Not feasible
HIS,SGS,PAQ,LKG,EFD,HIS,Not feasible
AXR,EUM,VPN,JSM,BTS,AXR,Not feasible
MYU,TSS,BRX,HRT,AMH,MYU,Not feasible
CDW,ATW,MZP,CYX,FLA,CDW,Not feasible
DED,BAZ,LCK,LHV,X01,DED,Not feasible
FRL,CAP,JZH,DLU,BMQ,FRL,Not feasible
ATC,MHG,SFK,WCH,CGD,ATC,Not feasible
ORV,KBW,BHK,ZCL,MYB,ORV,Not feasible
TAN,LAE,COF,TAC,KLV,TAN,Not feasible
GBB,SEM,AUY,VAI,KLC,GBB,Not feasible
BFO,SCL,GVX,GOZ,QPZ,BFO,Not feasible
POT,KEV,TBB,HUW,CAT,POT,Not feasible
YYY,STA,XYJ,JAC,DWD,YYY,Not feasible
BXU,NQX,JWA,BHK,ZMA,BXU,Not feasible
SHH,UAH,TJH,AGE,JEJ,SHH,Not feasible
OBU,LYR,MGS,SBP,YMJ,OBU,Not feasible
WVN,LHA,RPR,CMR,GAN,WVN,Not feasible
YDB,MJN,TKC,VCE,UMR,YDB,Not feasible
VNE,HAN,CAY,GYA,DMM,VNE,Not feasible
AGI,BYH,GKN,SLF,FRW,AGI,Not feasible
AFW,MEE,SWF,LLW,EWD,AFW,Not feasible
MRA,EBO,VCL,EVG,TAO,MRA,Not feasible
BOJ,YCR,KNF,YCG,ZSY,BOJ,Not feasible
KKX,QHR,IXW,RIU,PSH,KKX,Not feasible
KKE,BXE,UKS,TNE,WLF,KKE,Not feasible
ADK,MQS,ACX,GMR,CBV,ADK,Not feasible
CSX,QXG,LVK,GOY,CJL,CSX,Not feasible
ZKE,SDY,HGR,BUN,HDB,ZKE,Not feasible
QRO,NVP,TOH,CFD,KIA,QRO,Not feasible
ELY,ARV,DWS,ODH,ANQ,ELY,Not feasible
HRB,OWD,YBE,SSA,TWU,HRB,Not feasible
ABA,HTF,BOB,ELU,MGW,ABA,Not feasible
BNJ,BMM,YAX,PTG,JVA,BNJ,Not feasible
SGO,RYO,ESB,OUD,0S9,SGO,Not feasible
PEG,FKQ,TPC,USM,JPA,PEG,Not feasible
SLQ,PBH,PNZ,WKA,YGB,SLQ,Not feasible
MNY,SST,BRU,THF,CMI,MNY,Not feasible
EBL,AZD,GLQ,AQB,EJT,EBL,Not feasible
OVB,TIH,LHX,BCE,GMA,OVB,Not feasible
LTK,MOV,JKH,BMQ,PHD,LTK,Not feasible
ALX,LCA,PNY,AUX,MEC,ALX,Not feasible
KWL,VHM,ASO,HUS,NRA,KWL,Not feasible
SCZ,BYU,EWB,AGE,BRT,SCZ,Not feasible
KRB,PZO,FOD,UTC,YLH,KRB,Not feasible
DGA,CER,SFF,VHY,PSJ,DGA,Not feasible
BTT,LPS,RIW,BRD,KAB,BTT,Not feasible
POR,TKT,TXN,REP,CTJ,POR,Not feasible
MTT,MZK,DXR,HVB,YYR,MTT,Not feasible
SNR,EAR,HZK,CGD,HRN,SNR,Not feasible
WWT,BXU,EIS,SCY,KDI,WWT,Not feasible
YPA,TEF,MLH,OZZ,JUB,YPA,Not feasible
TEU,UTK,OAJ,PMB,URS,TEU,Not feasible
VRN,MDK,WEI,CEQ,JIK,VRN,Not feasible
INK,AMI,AKV,YBW,AUO,INK,Not feasible
DGA,ALH,RYY,VSG,TIZ,DGA,Not feasible
ZAM,DRB,JHS,BAQ,EIN,ZAM,Not feasible
DAB,XSP,WNP,ARE,MBH,DAB,Not feasible
JBR,CPR,ZWA,UES,TLU,JBR,Not feasible
TAP,O03,TAG,POF,RDM,TAP,Not feasible
MLE,AAO,NYU,BMO,UAQ,MLE,Not feasible
YLT,YDA,LAC,LVR,YEE,YLT,Not feasible
KRZ,SJT,JSA,GES,STS,KRZ,Not feasible
ZSE,ORT,SKS,CUC,BLL,ZSE,Not feasible
DIL,SWX,TCY,QPA,PNH,DIL,Not feasible
OYG,JEE,MYQ,YTG,TOH,OYG,Not feasible
LWC,TKP,CTH,MAJ,TMW,LWC,Not feasible
BFH,BQS,CDB,KVB,MYD,BFH,Not feasible
VDC,MED,EGC,NOA,PIA,VDC,Not feasible
TGG,AOT,EGR,NOR,RNA,TGG,Not feasible
PPQ,PMQ,BES,UKY,UEL,PPQ,Not feasible
KAW,HDD,EVE,CUM,MME,KAW,Not feasible
YZG,DNA,SNP,OMF,CDI,YZG,Not feasible
YLL,YFB,CIF,YGH,ZAC,YLL,Not feasible
TEK,AVV,YZV,BDA,KLO,TEK,Not feasible
TSB,ANR,RBA,NGB,GLT,TSB,Not feasible
MMU,RZR,NOV,DTI,ONH,MMU,Not feasible
MTT,GOA,PIN,SDF,ARM,MTT,Not feasible
CVI,RIY,TMR,SPC,ATK,CVI,Not feasible
KRK,MUC,ILI,KRO,SRH,KRK,Not feasible
SNW,UBA,EYW,SAQ,FTK,SNW,Not feasible
KTS,XFW,TTR,WVK,DNZ,KTS,Not feasible
DAC,LDY,OWB,EAT,TUP,DAC,Not feasible
NYI,KBV,BJX,TAP,YLH,NYI,Not feasible
GJT,TMN,ENV,YTO,HOV,GJT,Not feasible
JDF,KPB,GWY,NUR,OUE,JDF,Not feasible
YBV,WNH,AHU,SCV,GOA,YBV,Not feasible
AKJ,MHV,BDQ,PGA,FRC,AKJ,Not feasible
LTK,TNF,YBY,LRL,AZI,LTK,Not feasible
VAA,PSA,YQK,SBO,YEM,VAA,Not feasible
CCU,BFF,DGE,UVA,GET,CCU,Not feasible
X01,SEN,ASU,ZGG,YVV,X01,Not feasible
HTA,PAO,VNO,BIV,SRZ,HTA,Not feasible
YKZ,TIJ,CUM,SYU,AEH,YKZ,Not feasible
MDS,KGI,NNL,NST,NOA,MDS,Not feasible
MDK,VVZ,FOM,MCL,CFB,MDK,Not feasible
MOD,PBH,PYE,OMN,FRI,MOD,Not feasible
TNA,CZE,PAV,F57,YMA,TNA,Not feasible
DLY,LUH,BBT,MLW,TOW,DLY,Not feasible
TSS,FLO,AKP,KLG,ASJ,TSS,Not feasible
SCZ,BHE,TLG,CTH,ORY,SCZ,Not feasible
JTC,JEF,ELT,TOW,OBY,JTC,Not feasible
YHI,PML,PHF,CTH,NBO,YHI,Not feasible
GPS,ONG,BPC,LAC,FME,GPS,Not feasible
BRA,MNB,LEJ,RDG,NTD,BRA,Not feasible
ENF,PWT,UES,RRK,GOY,ENF,Not feasible
SUI,ELF,KWT,EME,JAF,SUI,Not feasible
LPQ,BIY,YVP,EDW,OUI,LPQ,Not feasible
DUJ,FAT,NTG,REA,AYP,DUJ,Not feasible
YXS,GVR,LVO,QLT,KTI,YXS,Not feasible
CGD,GYS,LAA,PAQ,17G,CGD,Not feasible
TSB,RES,PXO,WTA,ASF,TSB,Not feasible
BUD,AAO,CFR,YXP,HAN,BUD,Not feasible
TAF,MZL,ZJN,MGC,C02,TAF,Not feasible
MCF,CRQ,GYU,KBC,PPW,MCF,Not feasible
SWT,BPT,WIH,DAR,KUS,SWT,Not feasible
EVN,RND,CJU,BEL,ZAH,EVN,Not feasible
GTI,NBX,ALA,BPU,YTR,GTI,Not feasible
LGW,OPO,ULV,KDL,OSH,LGW,Not feasible
NCY,AGR,MJT,FKL,YGJ,NCY,Not feasible
SHG,LAF,19A,YSJ,TYS,SHG,Not feasible
GRV,SIU,CDN,MYG,OZZ,GRV,Not feasible
WRZ,AJI,QCJ,KSQ,WOT,WRZ,Not feasible
KGX,TBJ,BOC,OPS,KSU,KGX,Not feasible
BNN,BSC,BSO,CMJ,PDV,BNN,Not feasible
YES,MKY,MUI,YRM,ALM,YES,Not feasible
STU,TOD,MBD,IST,BAM,STU,Not feasible
OZP,TTD,RGK,SLZ,MFK,OZP,Not feasible
GUS,NNM,WAT,MJE,BIA,GUS,Not feasible
AXK,OTD,FLG,GBK,LRH,AXK,Not feasible
MOU,LGU,DHM,GIF,GOJ,MOU,Not feasible
MLI,BXH,DYR,KEL,PLL,MLI,Not feasible
BOS,XKS,ACH,AQI,NAA,BOS,Not feasible
GVL,BJP,BRK,PUQ,HUW,GVL,Not feasible
STS,CSK,YDT,LGP,HTY,STS,Not feasible
UKU,LGL,AOE,Y51,MEX,UKU,Not feasible
TYA,MBA,OEM,PKW,MSR,TYA,Not feasible
NHD,INS,KMV,TVY,TLV,NHD,Not feasible
MOO,SPW,HOI,MJZ,IZG,MOO,Not feasible
BBK,PSV,SIA,UGC,SSA,BBK,Not feasible
LCG,XYE,KHN,YGZ,GBB,LCG,Not feasible
NLO,GDZ,YMY,EAE,IST,NLO,Not feasible
OSU,MNU,CNY,FNA,GMR,OSU,Not feasible
KEN,GAS,LIP,HZK,TTT,KEN,Not feasible
WOT,BFV,COC,BOJ,LEJ,WOT,Not feasible
KSD,VSA,SFH,2H0,ARA,KSD,Not feasible
FNU,YYD,MMI,INS,JTY,FNU,Not feasible
AES,BDM,AQG,FIE,QXG,AES,Not feasible
LRE,ALX,ASA,HEX,YUL,LRE,Not feasible
SAL,YIF,SBH,17G,NCL,SAL,Not feasible
NHK,DAB,YQQ,ODY,ZRZ,NHK,Not feasible
CCF,FRW,CDU,GWY,BBQ,CCF,Not feasible
GCW,NKT,KKH,AJY,OOM,GCW,Not feasible
RFD,RPR,AHU,DUT,FBR,RFD,Not feasible
NYK,NVP,MTC,SXQ,LIS,NYK,Not feasible
BGX,PUM,BUH,GSS,LND,BGX,Not feasible
BDM,ZWA,PEZ,ANR,RGS,BDM,Not feasible
HOD,MGS,FMI,ZAD,HUY,HOD,Not feasible
HEM,RYY,CXP,PVR,NTU,HEM,Not feasible
MNF,VNX,MID,FLL,VBV,MNF,Not feasible
FSD,RDD,LBW,KLC,MLB,FSD,Not feasible
NZH,ANP,VCL,MGB,MRI,NZH,Not feasible
XWW,WVK,OXC,EKN,RGO,XWW,Not feasible
PSU,ILZ,KWL,BEC,CHA,PSU,Not feasible
SOD,CAU,SPN,JCK,KSD,SOD,Not feasible
SOZ,PDT,ATW,AFY,CRC,SOZ,Not feasible
XRY,ZKB,HRN,FBG,MVP,XRY,Not feasible
KEL,YQR,JWA,CJB,VLV,KEL,Not feasible
GPZ,HOG,BGG,CEN,YVV,GPZ,Not feasible
QYD,NGP,ALU,OMB,DHT,QYD,Not feasible
RIC,DSD,SDZ,LBS,PVP,RIC,Not feasible
MWQ,YXZ,JAL,GRI,GIU,MWQ,Not feasible
HXD,CER,U76,RGT,BGG,HXD,Not feasible
KAJ,RDC,IJD,DLZ,BKS,KAJ,Not feasible
CXJ,N69,EDM,EKN,ASV,CXJ,Not feasible
DLH,CJB,RWN,NMA,UUK,DLH,Not feasible
TZX,CFO,RHE,E91,KSU,TZX,Not feasible
TMI,LHA,ERV,SBK,MAN,TMI,Not feasible
RVE,OKB,WAW,X07,BGO,RVE,Not feasible
WNR,JLD,SFG,KKW,PCB,WNR,Not feasible
NLT,BXB,MDL,WEI,GER,NLT,Not feasible
GSS,YHZ,SSB,KTP,OIT,GSS,Not feasible
ERC,RNI,ADH,AUR,ORN,ERC,Not feasible
MFQ,YLL,EGX,ZDY,DNH,MFQ,Not feasible
SJE,HER,GPT,TKE,KSL,SJE,Not feasible
OMC,IGQ,PIE,COK,YQI,OMC,Not feasible
BOD,LYT,MIK,SRE,KDU,BOD,Not feasible
AWK,PJM,YYN,EPM,KGS,AWK,Not feasible
TOL,KHT,KZB,BAV,MVY,TOL,Not feasible
CDU,BKW,TRO,YEV,VST,CDU,Not feasible
KOT,CAJ,MZB,OPS,YPH,KOT,Not feasible
BWU,IXW,BDU,OES,VSG,BWU,Not feasible
KLO,SKT,YSP,NYU,EBB,KLO,Not feasible
1G4,SIG,CAH,OBX,SFM,1G4,Not feasible
MES,DIN,LKG,ZJI,BDB,MES,Not feasible
LTA,DLZ,YZZ,PIH,KGJ,LTA,Not feasible
ESK,OLM,SAF,LEJ,JOL,ESK,Not feasible
UKU,NKM,MYQ,PZU,ABN,UKU,Not feasible
CNM,LDY,TOL,IPA,PNS,CNM,Not feasible
TAG,UIO,ISO,FOR,TPI,TAG,Not feasible
BWT,LCE,NQN,BYM,PEW,BWT,Not feasible
YFC,LFK,YXL,MTL,LYT,YFC,Not feasible
VDB,FNI,GRW,JPA,LDU,VDB,Not feasible
ENV,NLK,ASH,ALU,BPT,ENV,Not feasible
SDJ,LEX,HDG,RUH,ZWI,SDJ,Not feasible
AQA,ROW,YBB,BEI,OXD,AQA,Not feasible
JDR,TSV,SPP,MLD,UAB,JDR,Not feasible
RIN,LXG,VSG,MJD,KAD,RIN,Not feasible
ARU,GPZ,YTE,OIT,AYK,ARU,Not feasible
TEK,BIX,JTC,ZPH,DPS,TEK,Not feasible
KBU,RIF,BTO,YQQ,PFB,KBU,Not feasible
SEE,GZP,TLE,ISA,PTZ,SEE,Not feasible
LPI,PWQ,24C,NCE,BJX,LPI,Not feasible
DHG,YYG,RAS,DMM,AUH,DHG,Not feasible
NF4,KIT,KRY,CEQ,LNV,NF4,Not feasible
MYI,AKN,HRE,WCH,KMQ,MYI,Not feasible
PLW,EIA,YSP,CHC,LWR,PLW,Not feasible
CPX,ROA,TZX,KLL,SMI,CPX,Not feasible
RGO,ALO,ESE,BHM,HPB,RGO,Not feasible
LTD,AHE,PFQ,UNT,CTB,LTD,Not feasible
RLK,CIK,BAZ,HVB,GBZ,RLK,Not feasible
IMF,SCQ,MNK,HOR,MSN,IMF,Not feasible
AGB,JOS,ANV,PID,MJD,AGB,Not feasible
SIM,MLX,IOA,BOH,BHI,SIM,Not feasible
BKL,MIJ,YQN,SLY,TIY,BKL,Not feasible
KZS,TEX,MFN,HLZ,BOX,KZS,Not feasible
PTY,NNB,JGC,PNH,MUH,PTY,Not feasible
LTQ,KZR,CGB,N53,RLG,LTQ,Not feasible
KBW,UBJ,TSH,SNR,RVE,KBW,Not feasible
BHZ,MJE,YKM,PTJ,LRF,BHZ,Not feasible
WTS,HIO,OHH,AHN,NKT,WTS,Not feasible
AJL,UIO,HET,DHI,CYC,AJL,Not feasible
BHU,JCH,TRD,ANN,LID,BHU,Not feasible
GYY,TAO,ZRT,ROC,NJC,GYY,Not feasible
ENE,YIC,SUB,TED,QSC,ENE,Not feasible
OGG,BKM,BLK,HZL,YXN,OGG,Not feasible
CRK,36U,BDT,CZN,ERI,CRK,Not feasible
IQN,PZY,GRI,JAC,MEK,IQN,Not feasible
AAO,FOM,PPL,IRU,Z84,AAO,Not feasible
LAK,BGF,KHG,LEL,FTI,LAK,Not feasible
SOC,HOK,NF4,PIS,SVB,SOC,Not feasible
AIE,ADJ,UNA,BEC,SMX,AIE,Not feasible
WLH,ZRT,KSI,PNH,KWL,WLH,Not feasible
HNA,IXC,OXC,KOY,CNY,HNA,Not feasible
SJD,KWE,GOY,GAI,E25,SJD,Not feasible
OPS,JGO,XEG,ZCN,RIU,OPS,Not feasible
LDN,PDG,OUL,SYR,CDW,LDN,Not feasible
KNF,CND,SKP,PEA,REI,KNF,Not feasible
PTY,UGA,LBU,AKA,QQW,PTY,Not feasible
ULB,CCZ,NHK,SIA,KYP,ULB,Not feasible
BIQ,0G6,FOD,JSM,LMT,BIQ,Not feasible
DNR,CIU,KRS,TGD,1CS,DNR,Not feasible
HLT,SQO,LBA,SKH,SGV,HLT,Not feasible
LHR,TVC,RDC,IGU,KNX,LHR,Not feasible
FKB,ERF,PEM,CUF,HLJ,FKB,Not feasible
OFU,LWN,LPU,YKY,AGR,OFU,Not feasible
YAP,OCF,OMM,AGP,EGO,YAP,Not feasible
MGT,BYN,BZO,PGK,ZCO,MGT,Not feasible
YUT,GYI,VAA,GMI,GMP,YUT,Not feasible
ODY,KIS,MCF,TIQ,W13,ODY,Not feasible
XZL,GWW,ADE,WFI,PAX,XZL,Not feasible
ORS,CRP,SOW,ANF,EYW,ORS,Not feasible
PHA,ZWS,YER,AOJ,ICY,PHA,Not feasible
IOM,TNA,ZSY,E55,VDR,IOM,Not feasible
GAS,MTM,KUH,KHT,TLD,GAS,Not feasible
BDU,PSS,HVR,CHU,ROW,BDU,Not feasible
QXR,RCA,YXZ,KRR,SFO,QXR,Not feasible
ANE,BSB,YBE,KTA,MGF,ANE,Not feasible
TLE,HOB,CEZ,O27,AZO,TLE,Not feasible
NJF,DUC,RGT,AIC,RYB,NJF,Not feasible
LMY,SMZ,BOY,PDO,RCB,LMY,Not feasible
GMA,MMY,NDZ,SXR,LHX,GMA,Not feasible
P52,LES,SMD,DIW,UDJ,P52,Not feasible
YIW,CHE,GRU,NSN,SDR,YIW,Not feasible
GGG,MVS,BFM,PWE,SSI,GGG,Not feasible
PNA,NBX,SLJ,OEB,XEV,PNA,Not feasible
N69,QPJ,NUX,TGZ,DGA,N69,Not feasible
THO,EIA,YDP,LPT,KOZ,THO,Not feasible
COD,NDR,TOU,YYT,EHL,COD,Not feasible
KZI,HUL,FAF,LID,NGB,KZI,Not feasible
KGX,DBV,SSB,BTI,XZK,KGX,Not feasible
CUE,ISB,MRO,PBG,JUB,CUE,Not feasible
CBV,MBJ,TST,AGV,VNX,CBV,Not feasible
OZZ,ROB,INK,CLO,AAJ,OZZ,Not feasible
CNI,AHO,XFL,RVK,YQV,CNI,Not feasible
ADA,BJV,IXG,AAT,EMA,ADA,Not feasible
LSH,OSC,GTU,HMJ,SLU,LSH,Not feasible
FAA,JAN,MIM,MQF,SKE,FAA,Not feasible
XMH,MKL,IIL,XDS,OUE,XMH,Not feasible
UGA,BNU,EXI,AAK,LER,UGA,Not feasible
BPS,MHP,SLL,SOY,QQS,BPS,Not feasible
MAQ,AAU,PAS,NYA,KIS,MAQ,Not feasible
CSA,URE,FJR,GNZ,ENH,CSA,Not feasible
RGL,C16,NVK,PIH,XDS,RGL,Not feasible
DAQ,EWN,LGO,JDO,JYL,DAQ,Not feasible
KKR,IBR,PIA,MEK,DBQ,KKR,Not feasible
BOD,TVS,BTE,WMX,GGS,BOD,Not feasible
YGO,TDG,DOH,JDF,LKG,YGO,Not feasible
PZY,BUF,HOI,TBJ,LAC,PZY,Not feasible
SON,YAO,URY,YPY,SEN,SON,Not feasible
NIO,ZRJ,CCJ,STO,WHF,NIO,Not feasible
PNQ,DEL,LIF,BFF,WAR,PNQ,Not feasible
TBT,STB,VYS,CRM,KJI,TBT,Not feasible
MHH,FMM,TGT,DHN,PTJ,MHH,Not feasible
TOW,MRV,MGN,YFS,BOB,TOW,Not feasible
